Modèle,Finition,Prix,Description,Image
Peugeot 208,Active,18990,Citadine économique et moderne,https://images.unsplash.com/photo-1583121274602-3e2820c69888?w=400
Peugeot 208,Allure,21490,Confort et technologie embarquée,https://images.unsplash.com/photo-1583121274602-3e2820c69888?w=400
Peugeot 208,GT Line,24990,Version sportive avec équipements premium,https://images.unsplash.com/photo-1583121274602-3e2820c69888?w=400
Peugeot 3008,Active,29990,SUV familial spacieux,https://images.unsplash.com/photo-1549317661-bd32c8ce0db2?w=400
Peugeot 3008,Allure,33990,SUV avec i-Cockpit digital,https://images.unsplash.com/photo-1549317661-bd32c8ce0db2?w=400
Peugeot 3008,GT,39990,SUV haut de gamme sport,https://images.unsplash.com/photo-1549317661-bd32c8ce0db2?w=400
Renault Clio,Life,16990,Compacte polyvalente,https://images.unsplash.com/photo-1552519507-da3b142c6e3d?w=400
Renault Clio,Techno,19990,Connectivité et sécurité avancées,https://images.unsplash.com/photo-1552519507-da3b142c6e3d?w=400
Renault Clio,RS Line,23490,Look sportif et dynamique,https://images.unsplash.com/photo-1552519507-da3b142c6e3d?w=400
Renault Captur,Zen,23990,SUV compact urbain,https://images.unsplash.com/photo-1606664515524-ed2f786a0bd6?w=400
Renault Captur,Intens,26990,Équipements confort et multimédia,https://images.unsplash.com/photo-1606664515524-ed2f786a0bd6?w=400
Citroën C3,Live,15990,Citadine originale et confortable,https://images.unsplash.com/photo-1605559424843-9e4c228bf1c2?w=400
Citroën C3,Feel,17990,Design audacieux personnalisable,https://images.unsplash.com/photo-1605559424843-9e4c228bf1c2?w=400
Citroën C3,Shine,20490,Finition haut de gamme,https://images.unsplash.com/photo-1605559424843-9e4c228bf1c2?w=400
Citroën C4,Sense,25990,Berline compacte innovante,https://images.unsplash.com/photo-1617814076367-b759c7d7e738?w=400
Citroën C4,Shine,28990,Confort suspensions Progressive Hydraulic Cushions,https://images.unsplash.com/photo-1617814076367-b759c7d7e738?w=400




















